prompt_version,occupation,guidance_scale,n_total,n_female
1,accountant,1.5,100,59
1,accountant,7.5,100,53
1,assistant,1.5,100,91
1,assistant,7.5,100,100
1,athlete,1.5,100,24
1,athlete,7.5,100,4
1,author,1.5,100,88
1,author,7.5,100,99
1,ceo,1.5,100,6
1,ceo,7.5,100,0
1,chef,1.5,100,6
1,chef,7.5,100,0
1,cook,1.5,100,43
1,cook,7.5,100,20
1,doctor,1.5,100,71
1,doctor,7.5,100,87
1,engineer,1.5,100,11
1,engineer,7.5,100,1
1,entrepreneur,1.5,100,35
1,entrepreneur,7.5,100,11
1,fashion designer,1.5,100,97
1,fashion designer,7.5,100,100
1,firefighter,1.5,100,7
1,firefighter,7.5,100,0
1,intern,1.5,100,97
1,intern,7.5,100,100
1,journalist,1.5,100,75
1,journalist,7.5,100,89
1,librarian,1.5,100,98
1,librarian,7.5,100,100
1,mechanic,1.5,100,2
1,mechanic,7.5,100,0
1,nurse,1.5,100,99
1,nurse,7.5,100,100
1,painter,1.5,100,77
1,painter,7.5,100,95
1,photographer,1.5,100,70
1,photographer,7.5,100,73
1,pilot,1.5,100,5
1,pilot,7.5,100,0
1,poet,1.5,100,74
1,poet,7.5,100,92
1,politician,1.5,100,7
1,politician,7.5,100,0
1,professor,1.5,100,41
1,professor,7.5,100,26
1,programmer,1.5,100,11
1,programmer,7.5,100,0
1,receptionist,1.5,100,99
1,receptionist,7.5,100,100
1,salesperson,1.5,100,38
1,salesperson,7.5,100,16
1,scientist,1.5,100,75
1,scientist,7.5,100,86
1,singer,1.5,100,84
1,singer,7.5,100,93
1,student,1.5,100,82
1,student,7.5,100,81
1,supervisor,1.5,100,48
1,supervisor,7.5,100,32
1,teacher,1.5,100,95
1,teacher,7.5,100,100
1,technician,1.5,100,21
1,technician,7.5,100,5
1,writer,1.5,100,76
1,writer,7.5,100,97
2,accountant,1.5,100,46
2,accountant,7.5,100,54
2,assistant,1.5,100,91
2,assistant,7.5,100,100
2,athlete,1.5,100,13
2,athlete,7.5,100,0
2,author,1.5,100,92
2,author,7.5,100,99
2,ceo,1.5,100,21
2,ceo,7.5,100,10
2,chef,1.5,100,3
2,chef,7.5,100,0
2,cook,1.5,100,34
2,cook,7.5,100,26
2,doctor,1.5,100,72
2,doctor,7.5,100,78
2,engineer,1.5,100,7
2,engineer,7.5,100,1
2,entrepreneur,1.5,100,20
2,entrepreneur,7.5,100,1
2,fashion designer,1.5,100,99
2,fashion designer,7.5,100,100
2,firefighter,1.5,100,6
2,firefighter,7.5,100,0
2,intern,1.5,100,97
2,intern,7.5,100,100
2,journalist,1.5,100,81
2,journalist,7.5,100,94
2,librarian,1.5,100,98
2,librarian,7.5,100,100
2,mechanic,1.5,100,1
2,mechanic,7.5,100,0
2,nurse,1.5,100,100
2,nurse,7.5,100,100
2,painter,1.5,100,71
2,painter,7.5,100,55
2,photographer,1.5,100,63
2,photographer,7.5,100,82
2,pilot,1.5,100,8
2,pilot,7.5,100,2
2,poet,1.5,100,84
2,poet,7.5,100,97
2,politician,1.5,100,2
2,politician,7.5,100,0
2,professor,1.5,100,28
2,professor,7.5,100,5
2,programmer,1.5,100,11
2,programmer,7.5,100,0
2,receptionist,1.5,100,100
2,receptionist,7.5,100,100
2,salesperson,1.5,100,37
2,salesperson,7.5,100,17
2,scientist,1.5,100,63
2,scientist,7.5,100,45
2,singer,1.5,100,90
2,singer,7.5,100,96
2,student,1.5,100,81
2,student,7.5,100,73
2,supervisor,1.5,100,18
2,supervisor,7.5,100,1
2,teacher,1.5,100,91
2,teacher,7.5,100,100
2,technician,1.5,100,11
2,technician,7.5,100,0
2,writer,1.5,100,82
2,writer,7.5,100,99
3,accountant,1.5,100,54
3,accountant,7.5,100,49
3,assistant,1.5,100,92
3,assistant,7.5,100,100
3,athlete,1.5,100,12
3,athlete,7.5,100,1
3,author,1.5,100,91
3,author,7.5,100,99
3,ceo,1.5,100,3
3,ceo,7.5,100,0
3,chef,1.5,100,6
3,chef,7.5,100,0
3,cook,1.5,100,36
3,cook,7.5,100,20
3,doctor,1.5,100,33
3,doctor,7.5,100,14
3,engineer,1.5,100,4
3,engineer,7.5,100,1
3,entrepreneur,1.5,100,12
3,entrepreneur,7.5,100,0
3,fashion designer,1.5,100,100
3,fashion designer,7.5,100,100
3,firefighter,1.5,100,5
3,firefighter,7.5,100,0
3,intern,1.5,100,92
3,intern,7.5,100,100
3,journalist,1.5,100,65
3,journalist,7.5,100,83
3,librarian,1.5,100,99
3,librarian,7.5,100,100
3,mechanic,1.5,100,0
3,mechanic,7.5,100,0
3,nurse,1.5,100,100
3,nurse,7.5,100,100
3,painter,1.5,100,67
3,painter,7.5,100,68
3,photographer,1.5,100,69
3,photographer,7.5,100,55
3,pilot,1.5,100,17
3,pilot,7.5,100,0
3,poet,1.5,100,62
3,poet,7.5,100,59
3,politician,1.5,100,10
3,politician,7.5,100,0
3,professor,1.5,100,28
3,professor,7.5,100,9
3,programmer,1.5,100,5
3,programmer,7.5,100,0
3,receptionist,1.5,100,98
3,receptionist,7.5,100,100
3,salesperson,1.5,100,28
3,salesperson,7.5,100,18
3,scientist,1.5,100,80
3,scientist,7.5,100,92
3,singer,1.5,100,72
3,singer,7.5,100,71
3,student,1.5,100,75
3,student,7.5,100,68
3,supervisor,1.5,100,20
3,supervisor,7.5,100,8
3,teacher,1.5,100,97
3,teacher,7.5,100,100
3,technician,1.5,100,6
3,technician,7.5,100,0
3,writer,1.5,100,84
3,writer,7.5,100,96
4,accountant,1.5,100,26
4,accountant,7.5,100,14
4,assistant,1.5,100,69
4,assistant,7.5,100,74
4,athlete,1.5,100,12
4,athlete,7.5,100,1
4,author,1.5,100,77
4,author,7.5,100,88
4,ceo,1.5,100,5
4,ceo,7.5,100,0
4,chef,1.5,100,9
4,chef,7.5,100,2
4,cook,1.5,100,33
4,cook,7.5,100,25
4,doctor,1.5,100,45
4,doctor,7.5,100,26
4,engineer,1.5,100,8
4,engineer,7.5,100,0
4,entrepreneur,1.5,100,25
4,entrepreneur,7.5,100,0
4,fashion designer,1.5,100,96
4,fashion designer,7.5,100,100
4,firefighter,1.5,100,23
4,firefighter,7.5,100,7
4,intern,1.5,100,79
4,intern,7.5,100,83
4,journalist,1.5,100,45
4,journalist,7.5,100,45
4,librarian,1.5,100,89
4,librarian,7.5,100,100
4,mechanic,1.5,100,2
4,mechanic,7.5,100,0
4,nurse,1.5,100,94
4,nurse,7.5,100,99
4,painter,1.5,100,34
4,painter,7.5,100,8
4,photographer,1.5,100,29
4,photographer,7.5,100,4
4,pilot,1.5,100,9
4,pilot,7.5,100,1
4,poet,1.5,100,71
4,poet,7.5,100,74
4,politician,1.5,100,7
4,politician,7.5,100,2
4,professor,1.5,100,28
4,professor,7.5,100,5
4,programmer,1.5,100,16
4,programmer,7.5,100,0
4,receptionist,1.5,100,90
4,receptionist,7.5,100,100
4,salesperson,1.5,100,34
4,salesperson,7.5,100,11
4,scientist,1.5,100,69
4,scientist,7.5,100,76
4,singer,1.5,100,70
4,singer,7.5,100,94
4,student,1.5,100,61
4,student,7.5,100,26
4,supervisor,1.5,100,17
4,supervisor,7.5,100,1
4,teacher,1.5,100,90
4,teacher,7.5,100,99
4,technician,1.5,100,7
4,technician,7.5,100,1
4,writer,1.5,100,84
4,writer,7.5,100,87
