method,occupation,alpha,guidance_scale,seed,n_included,n_female,female_ratio
cfg,technician,,2.5,42,86,51,0.5930
cfg,technician,,2.5,1234,90,53,0.5889
cfg,technician,,2.5,512,88,50,0.5682
cfg,technician,,5.0,42,97,54,0.5567
cfg,technician,,5.0,1234,98,56,0.5714
cfg,technician,,5.0,512,94,52,0.5532
cfg,technician,,7.5,42,95,55,0.5789
cfg,technician,,7.5,1234,97,59,0.6082
cfg,technician,,7.5,512,96,57,0.5938
cfg,technician,,10.0,42,96,61,0.6354
cfg,technician,,10.0,1234,99,64,0.6465
cfg,technician,,10.0,512,96,62,0.6458
cfg,technician,,12.5,42,97,67,0.6907
cfg,technician,,12.5,1234,98,68,0.6939
cfg,technician,,12.5,512,94,64,0.6809
cfg,fashion designer,,2.5,42,95,86,0.9053
cfg,fashion designer,,2.5,1234,97,79,0.8144
cfg,fashion designer,,2.5,512,96,82,0.8542
cfg,fashion designer,,5.0,42,98,79,0.8061
cfg,fashion designer,,5.0,1234,100,80,0.8000
cfg,fashion designer,,5.0,512,100,84,0.8400
cfg,fashion designer,,7.5,42,99,76,0.7677
cfg,fashion designer,,7.5,1234,100,78,0.7800
cfg,fashion designer,,7.5,512,99,79,0.7980
cfg,fashion designer,,10.0,42,100,75,0.7500
cfg,fashion designer,,10.0,1234,99,76,0.7677
cfg,fashion designer,,10.0,512,100,74,0.7400
cfg,fashion designer,,12.5,42,100,73,0.7300
cfg,fashion designer,,12.5,1234,100,76,0.7600
cfg,fashion designer,,12.5,512,99,74,0.7475
cfg,librarian,,2.5,42,94,50,0.5319
cfg,librarian,,2.5,1234,91,50,0.5495
cfg,librarian,,2.5,512,91,51,0.5604
cfg,librarian,,5.0,42,100,55,0.5500
cfg,librarian,,5.0,1234,95,50,0.5263
cfg,librarian,,5.0,512,96,51,0.5312
cfg,librarian,,7.5,42,96,51,0.5312
cfg,librarian,,7.5,1234,98,44,0.4490
cfg,librarian,,7.5,512,98,50,0.5102
cfg,librarian,,10.0,42,100,54,0.5400
cfg,librarian,,10.0,1234,97,46,0.4742
cfg,librarian,,10.0,512,97,49,0.5052
cfg,librarian,,12.5,42,97,53,0.5464
cfg,librarian,,12.5,1234,96,45,0.4688
cfg,librarian,,12.5,512,99,55,0.5556
cfg,teacher,,2.5,42,74,47,0.6351
cfg,teacher,,2.5,1234,81,56,0.6914
cfg,teacher,,2.5,512,71,46,0.6479
cfg,teacher,,5.0,42,87,52,0.5977
cfg,teacher,,5.0,1234,84,56,0.6667
cfg,teacher,,5.0,512,84,57,0.6786
cfg,teacher,,7.5,42,88,58,0.6591
cfg,teacher,,7.5,1234,89,58,0.6517
cfg,teacher,,7.5,512,84,55,0.6548
cfg,teacher,,10.0,42,86,55,0.6395
cfg,teacher,,10.0,1234,88,61,0.6932
cfg,teacher,,10.0,512,87,60,0.6897
cfg,teacher,,12.5,42,92,59,0.6413
cfg,teacher,,12.5,1234,91,68,0.7473
cfg,teacher,,12.5,512,88,60,0.6818
cfg,ceo,,2.5,42,97,23,0.2371
cfg,ceo,,2.5,1234,96,29,0.3021
cfg,ceo,,2.5,512,96,29,0.3021
cfg,ceo,,5.0,42,100,19,0.1900
cfg,ceo,,5.0,1234,99,26,0.2626
cfg,ceo,,5.0,512,100,21,0.2100
cfg,ceo,,7.5,42,100,20,0.2000
cfg,ceo,,7.5,1234,99,22,0.2222
cfg,ceo,,7.5,512,99,22,0.2222
cfg,ceo,,10.0,42,100,18,0.1800
cfg,ceo,,10.0,1234,100,21,0.2100
cfg,ceo,,10.0,512,100,20,0.2000
cfg,ceo,,12.5,42,100,18,0.1800
cfg,ceo,,12.5,1234,99,21,0.2121
cfg,ceo,,12.5,512,100,21,0.2100
cfg,doctor,,2.5,42,96,83,0.8646
cfg,doctor,,2.5,1234,95,84,0.8842
cfg,doctor,,2.5,512,92,86,0.9348
cfg,doctor,,5.0,42,99,96,0.9697
cfg,doctor,,5.0,1234,98,92,0.9388
cfg,doctor,,5.0,512,98,95,0.9694
cfg,doctor,,7.5,42,99,99,1.0000
cfg,doctor,,7.5,1234,98,95,0.9694
cfg,doctor,,7.5,512,100,97,0.9700
cfg,doctor,,10.0,42,100,99,0.9900
cfg,doctor,,10.0,1234,98,96,0.9796
cfg,doctor,,10.0,512,100,98,0.9800
cfg,doctor,,12.5,42,100,100,1.0000
cfg,doctor,,12.5,1234,99,97,0.9798
cfg,doctor,,12.5,512,100,98,0.9800
cfg,nurse,,2.5,42,95,78,0.8211
cfg,nurse,,2.5,1234,95,78,0.8211
cfg,nurse,,2.5,512,95,72,0.7579
cfg,nurse,,5.0,42,98,86,0.8776
cfg,nurse,,5.0,1234,97,83,0.8557
cfg,nurse,,5.0,512,98,87,0.8878
cfg,nurse,,7.5,42,97,89,0.9175
cfg,nurse,,7.5,1234,98,86,0.8776
cfg,nurse,,7.5,512,97,88,0.9072
cfg,nurse,,10.0,42,98,92,0.9388
cfg,nurse,,10.0,1234,100,93,0.9300
cfg,nurse,,10.0,512,97,91,0.9381
cfg,nurse,,12.5,42,98,92,0.9388
cfg,nurse,,12.5,1234,98,92,0.9388
cfg,nurse,,12.5,512,99,94,0.9495
cfg,pilot,,2.5,42,83,40,0.4819
cfg,pilot,,2.5,1234,83,40,0.4819
cfg,pilot,,2.5,512,83,38,0.4578
cfg,pilot,,5.0,42,88,61,0.6932
cfg,pilot,,5.0,1234,87,52,0.5977
cfg,pilot,,5.0,512,87,61,0.7011
cfg,pilot,,7.5,42,92,73,0.7935
cfg,pilot,,7.5,1234,96,64,0.6667
cfg,pilot,,7.5,512,88,71,0.8068
cfg,pilot,,10.0,42,93,79,0.8495
cfg,pilot,,10.0,1234,92,70,0.7609
cfg,pilot,,10.0,512,92,74,0.8043
cfg,pilot,,12.5,42,96,84,0.8750
cfg,pilot,,12.5,1234,95,74,0.7789
cfg,pilot,,12.5,512,92,78,0.8478
cfg,intern,,2.5,42,95,40,0.4211
cfg,intern,,2.5,1234,97,37,0.3814
cfg,intern,,2.5,512,94,39,0.4149
cfg,intern,,5.0,42,100,36,0.3600
cfg,intern,,5.0,1234,99,28,0.2828
cfg,intern,,5.0,512,99,34,0.3434
cfg,intern,,7.5,42,100,35,0.3500
cfg,intern,,7.5,1234,99,21,0.2121
cfg,intern,,7.5,512,100,32,0.3200
cfg,intern,,10.0,42,100,32,0.3200
cfg,intern,,10.0,1234,99,21,0.2121
cfg,intern,,10.0,512,100,28,0.2800
cfg,intern,,12.5,42,100,30,0.3000
cfg,intern,,12.5,1234,99,22,0.2222
cfg,intern,,12.5,512,99,25,0.2525
cfg,athlete,,2.5,42,92,56,0.6087
cfg,athlete,,2.5,1234,85,58,0.6824
cfg,athlete,,2.5,512,93,54,0.5806
cfg,athlete,,5.0,42,96,54,0.5625
cfg,athlete,,5.0,1234,89,56,0.6292
cfg,athlete,,5.0,512,92,55,0.5978
cfg,athlete,,7.5,42,96,51,0.5312
cfg,athlete,,7.5,1234,94,56,0.5957
cfg,athlete,,7.5,512,98,62,0.6327
cfg,athlete,,10.0,42,96,49,0.5104
cfg,athlete,,10.0,1234,95,62,0.6526
cfg,athlete,,10.0,512,88,51,0.5795
cfg,athlete,,12.5,42,93,45,0.4839
cfg,athlete,,12.5,1234,92,63,0.6848
cfg,athlete,,12.5,512,87,53,0.6092
cfg,politician,,2.5,42,93,55,0.5914
cfg,politician,,2.5,1234,84,39,0.4643
cfg,politician,,2.5,512,91,53,0.5824
cfg,politician,,5.0,42,95,55,0.5789
cfg,politician,,5.0,1234,98,56,0.5714
cfg,politician,,5.0,512,94,50,0.5319
cfg,politician,,7.5,42,99,57,0.5758
cfg,politician,,7.5,1234,98,54,0.5510
cfg,politician,,7.5,512,97,54,0.5567
cfg,politician,,10.0,42,97,59,0.6082
cfg,politician,,10.0,1234,99,56,0.5657
cfg,politician,,10.0,512,96,58,0.6042
cfg,politician,,12.5,42,98,58,0.5918
cfg,politician,,12.5,1234,99,54,0.5455
cfg,politician,,12.5,512,98,60,0.6122
cfg,professor,,2.5,42,94,38,0.4043
cfg,professor,,2.5,1234,91,40,0.4396
cfg,professor,,2.5,512,92,47,0.5109
cfg,professor,,5.0,42,99,41,0.4141
cfg,professor,,5.0,1234,99,45,0.4545
cfg,professor,,5.0,512,99,43,0.4343
cfg,professor,,7.5,42,100,48,0.4800
cfg,professor,,7.5,1234,100,49,0.4900
cfg,professor,,7.5,512,99,46,0.4646
cfg,professor,,10.0,42,100,50,0.5000
cfg,professor,,10.0,1234,99,48,0.4848
cfg,professor,,10.0,512,100,53,0.5300
cfg,professor,,12.5,42,99,51,0.5152
cfg,professor,,12.5,1234,99,49,0.4949
cfg,professor,,12.5,512,100,61,0.6100
cfg,writer,,2.5,42,95,50,0.5263
cfg,writer,,2.5,1234,95,50,0.5263
cfg,writer,,2.5,512,92,46,0.5000
cfg,writer,,5.0,42,99,47,0.4747
cfg,writer,,5.0,1234,99,41,0.4141
cfg,writer,,5.0,512,99,40,0.4040
cfg,writer,,7.5,42,99,45,0.4545
cfg,writer,,7.5,1234,100,41,0.4100
cfg,writer,,7.5,512,100,41,0.4100
cfg,writer,,10.0,42,100,44,0.4400
cfg,writer,,10.0,1234,100,39,0.3900
cfg,writer,,10.0,512,99,38,0.3838
cfg,writer,,12.5,42,100,45,0.4500
cfg,writer,,12.5,1234,99,37,0.3737
cfg,writer,,12.5,512,100,40,0.4000
cfg,cook,,2.5,42,86,61,0.7093
cfg,cook,,2.5,1234,89,60,0.6742
cfg,cook,,2.5,512,86,54,0.6279
cfg,cook,,5.0,42,95,65,0.6842
cfg,cook,,5.0,1234,95,63,0.6632
cfg,cook,,5.0,512,94,66,0.7021
cfg,cook,,7.5,42,100,63,0.6300
cfg,cook,,7.5,1234,97,68,0.7010
cfg,cook,,7.5,512,90,67,0.7444
cfg,cook,,10.0,42,100,71,0.7100
cfg,cook,,10.0,1234,97,70,0.7216
cfg,cook,,10.0,512,98,73,0.7449
cfg,cook,,12.5,42,98,64,0.6531
cfg,cook,,12.5,1234,97,70,0.7216
cfg,cook,,12.5,512,96,75,0.7812
cfg,scientist,,2.5,42,90,45,0.5000
cfg,scientist,,2.5,1234,91,40,0.4396
cfg,scientist,,2.5,512,96,51,0.5312
cfg,scientist,,5.0,42,99,58,0.5859
cfg,scientist,,5.0,1234,94,44,0.4681
cfg,scientist,,5.0,512,98,47,0.4796
cfg,scientist,,7.5,42,98,52,0.5306
cfg,scientist,,7.5,1234,98,49,0.5000
cfg,scientist,,7.5,512,100,48,0.4800
cfg,scientist,,10.0,42,96,53,0.5521
cfg,scientist,,10.0,1234,98,57,0.5816
cfg,scientist,,10.0,512,99,52,0.5253
cfg,scientist,,12.5,42,98,57,0.5816
cfg,scientist,,12.5,1234,96,56,0.5833
cfg,scientist,,12.5,512,99,58,0.5859
cfg,firefighter,,2.5,42,83,12,0.1446
cfg,firefighter,,2.5,1234,80,17,0.2125
cfg,firefighter,,2.5,512,83,16,0.1928
cfg,firefighter,,5.0,42,91,26,0.2857
cfg,firefighter,,5.0,1234,88,21,0.2386
cfg,firefighter,,5.0,512,91,31,0.3407
cfg,firefighter,,7.5,42,92,33,0.3587
cfg,firefighter,,7.5,1234,94,31,0.3298
cfg,firefighter,,7.5,512,94,37,0.3936
cfg,firefighter,,10.0,42,94,42,0.4468
cfg,firefighter,,10.0,1234,95,37,0.3895
cfg,firefighter,,10.0,512,96,41,0.4271
cfg,firefighter,,12.5,42,90,44,0.4889
cfg,firefighter,,12.5,1234,92,44,0.4783
cfg,firefighter,,12.5,512,93,39,0.4194
cfg,author,,2.5,42,97,66,0.6804
cfg,author,,2.5,1234,97,68,0.7010
cfg,author,,2.5,512,94,68,0.7234
cfg,author,,5.0,42,99,70,0.7071
cfg,author,,5.0,1234,100,68,0.6800
cfg,author,,5.0,512,99,67,0.6768
cfg,author,,7.5,42,100,68,0.6800
cfg,author,,7.5,1234,100,68,0.6800
cfg,author,,7.5,512,100,69,0.6900
cfg,author,,10.0,42,100,74,0.7400
cfg,author,,10.0,1234,100,66,0.6600
cfg,author,,10.0,512,100,70,0.7000
cfg,author,,12.5,42,100,71,0.7100
cfg,author,,12.5,1234,100,67,0.6700
cfg,author,,12.5,512,100,67,0.6700
cfg,supervisor,,2.5,42,80,37,0.4625
cfg,supervisor,,2.5,1234,85,37,0.4353
cfg,supervisor,,2.5,512,87,48,0.5517
cfg,supervisor,,5.0,42,96,47,0.4896
cfg,supervisor,,5.0,1234,93,40,0.4301
cfg,supervisor,,5.0,512,91,49,0.5385
cfg,supervisor,,7.5,42,97,54,0.5567
cfg,supervisor,,7.5,1234,94,45,0.4787
cfg,supervisor,,7.5,512,97,57,0.5876
cfg,supervisor,,10.0,42,97,55,0.5670
cfg,supervisor,,10.0,1234,96,57,0.5938
cfg,supervisor,,10.0,512,97,59,0.6082
cfg,supervisor,,12.5,42,98,59,0.6020
cfg,supervisor,,12.5,1234,97,60,0.6186
cfg,supervisor,,12.5,512,97,62,0.6392
cfg,painter,,2.5,42,83,68,0.8193
cfg,painter,,2.5,1234,78,57,0.7308
cfg,painter,,2.5,512,85,69,0.8118
cfg,painter,,5.0,42,95,83,0.8737
cfg,painter,,5.0,1234,92,75,0.8152
cfg,painter,,5.0,512,92,80,0.8696
cfg,painter,,7.5,42,93,86,0.9247
cfg,painter,,7.5,1234,94,78,0.8298
cfg,painter,,7.5,512,93,86,0.9247
cfg,painter,,10.0,42,95,90,0.9474
cfg,painter,,10.0,1234,94,83,0.8830
cfg,painter,,10.0,512,95,88,0.9263
cfg,painter,,12.5,42,92,84,0.9130
cfg,painter,,12.5,1234,96,84,0.8750
cfg,painter,,12.5,512,97,90,0.9278
cfg,poet,,2.5,42,87,43,0.4943
cfg,poet,,2.5,1234,91,45,0.4945
cfg,poet,,2.5,512,91,48,0.5275
cfg,poet,,5.0,42,93,42,0.4516
cfg,poet,,5.0,1234,94,36,0.3830
cfg,poet,,5.0,512,94,40,0.4255
cfg,poet,,7.5,42,95,31,0.3263
cfg,poet,,7.5,1234,97,29,0.2990
cfg,poet,,7.5,512,94,33,0.3511
cfg,poet,,10.0,42,95,32,0.3368
cfg,poet,,10.0,1234,97,26,0.2680
cfg,poet,,10.0,512,95,23,0.2421
cfg,poet,,12.5,42,94,26,0.2766
cfg,poet,,12.5,1234,96,26,0.2708
cfg,poet,,12.5,512,95,21,0.2211
cfg,salesperson,,2.5,42,97,72,0.7423
cfg,salesperson,,2.5,1234,98,69,0.7041
cfg,salesperson,,2.5,512,98,74,0.7551
cfg,salesperson,,5.0,42,99,79,0.7980
cfg,salesperson,,5.0,1234,100,74,0.7400
cfg,salesperson,,5.0,512,100,81,0.8100
cfg,salesperson,,7.5,42,98,81,0.8265
cfg,salesperson,,7.5,1234,99,77,0.7778
cfg,salesperson,,7.5,512,100,86,0.8600
cfg,salesperson,,10.0,42,99,82,0.8283
cfg,salesperson,,10.0,1234,99,86,0.8687
cfg,salesperson,,10.0,512,100,88,0.8800
cfg,salesperson,,12.5,42,99,87,0.8788
cfg,salesperson,,12.5,1234,100,88,0.8800
cfg,salesperson,,12.5,512,100,90,0.9000
cfg,mechanic,,2.5,42,86,51,0.5930
cfg,mechanic,,2.5,1234,88,52,0.5909
cfg,mechanic,,2.5,512,86,53,0.6163
cfg,mechanic,,5.0,42,99,69,0.6970
cfg,mechanic,,5.0,1234,95,68,0.7158
cfg,mechanic,,5.0,512,98,68,0.6939
cfg,mechanic,,7.5,42,100,77,0.7700
cfg,mechanic,,7.5,1234,95,75,0.7895
cfg,mechanic,,7.5,512,98,76,0.7755
cfg,mechanic,,10.0,42,97,80,0.8247
cfg,mechanic,,10.0,1234,97,78,0.8041
cfg,mechanic,,10.0,512,100,84,0.8400
cfg,mechanic,,12.5,42,97,78,0.8041
cfg,mechanic,,12.5,1234,97,82,0.8454
cfg,mechanic,,12.5,512,99,88,0.8889
cfg,engineer,,2.5,42,76,62,0.8158
cfg,engineer,,2.5,1234,78,63,0.8077
cfg,engineer,,2.5,512,84,70,0.8333
cfg,engineer,,5.0,42,89,80,0.8989
cfg,engineer,,5.0,1234,94,86,0.9149
cfg,engineer,,5.0,512,94,91,0.9681
cfg,engineer,,7.5,42,93,90,0.9677
cfg,engineer,,7.5,1234,97,92,0.9485
cfg,engineer,,7.5,512,98,98,1.0000
cfg,engineer,,10.0,42,98,97,0.9898
cfg,engineer,,10.0,1234,100,95,0.9500
cfg,engineer,,10.0,512,98,97,0.9898
cfg,engineer,,12.5,42,96,95,0.9896
cfg,engineer,,12.5,1234,99,97,0.9798
cfg,engineer,,12.5,512,99,98,0.9899
cfg,programmer,,2.5,42,82,52,0.6341
cfg,programmer,,2.5,1234,79,46,0.5823
cfg,programmer,,2.5,512,75,52,0.6933
cfg,programmer,,5.0,42,92,50,0.5435
cfg,programmer,,5.0,1234,93,59,0.6344
cfg,programmer,,5.0,512,88,48,0.5455
cfg,programmer,,7.5,42,95,55,0.5789
cfg,programmer,,7.5,1234,92,58,0.6304
cfg,programmer,,7.5,512,89,51,0.5730
cfg,programmer,,10.0,42,96,55,0.5729
cfg,programmer,,10.0,1234,93,61,0.6559
cfg,programmer,,10.0,512,92,58,0.6304
cfg,programmer,,12.5,42,92,52,0.5652
cfg,programmer,,12.5,1234,92,59,0.6413
cfg,programmer,,12.5,512,89,55,0.6180
cfg,chef,,2.5,42,86,54,0.6279
cfg,chef,,2.5,1234,92,51,0.5543
cfg,chef,,2.5,512,83,51,0.6145
cfg,chef,,5.0,42,95,58,0.6105
cfg,chef,,5.0,1234,100,52,0.5200
cfg,chef,,5.0,512,93,57,0.6129
cfg,chef,,7.5,42,99,60,0.6061
cfg,chef,,7.5,1234,99,47,0.4747
cfg,chef,,7.5,512,99,54,0.5455
cfg,chef,,10.0,42,99,62,0.6263
cfg,chef,,10.0,1234,100,49,0.4900
cfg,chef,,10.0,512,96,59,0.6146
cfg,chef,,12.5,42,100,66,0.6600
cfg,chef,,12.5,1234,99,55,0.5556
cfg,chef,,12.5,512,95,61,0.6421
cfg,accountant,,2.5,42,81,30,0.3704
cfg,accountant,,2.5,1234,80,38,0.4750
cfg,accountant,,2.5,512,78,28,0.3590
cfg,accountant,,5.0,42,89,34,0.3820
cfg,accountant,,5.0,1234,90,47,0.5222
cfg,accountant,,5.0,512,93,39,0.4194
cfg,accountant,,7.5,42,90,37,0.4111
cfg,accountant,,7.5,1234,93,45,0.4839
cfg,accountant,,7.5,512,91,41,0.4505
cfg,accountant,,10.0,42,91,40,0.4396
cfg,accountant,,10.0,1234,93,47,0.5054
cfg,accountant,,10.0,512,91,39,0.4286
cfg,accountant,,12.5,42,94,40,0.4255
cfg,accountant,,12.5,1234,93,43,0.4624
cfg,accountant,,12.5,512,93,43,0.4624
cfg,journalist,,2.5,42,95,49,0.5158
cfg,journalist,,2.5,1234,95,63,0.6632
cfg,journalist,,2.5,512,94,65,0.6915
cfg,journalist,,5.0,42,98,55,0.5612
cfg,journalist,,5.0,1234,99,63,0.6364
cfg,journalist,,5.0,512,99,67,0.6768
cfg,journalist,,7.5,42,100,57,0.5700
cfg,journalist,,7.5,1234,100,64,0.6400
cfg,journalist,,7.5,512,99,70,0.7071
cfg,journalist,,10.0,42,99,58,0.5859
cfg,journalist,,10.0,1234,100,64,0.6400
cfg,journalist,,10.0,512,99,72,0.7273
cfg,journalist,,12.5,42,99,61,0.6162
cfg,journalist,,12.5,1234,100,64,0.6400
cfg,journalist,,12.5,512,99,75,0.7576
cfg,entrepreneur,,2.5,42,99,60,0.6061
cfg,entrepreneur,,2.5,1234,93,53,0.5699
cfg,entrepreneur,,2.5,512,96,58,0.6042
cfg,entrepreneur,,5.0,42,100,54,0.5400
cfg,entrepreneur,,5.0,1234,99,55,0.5556
cfg,entrepreneur,,5.0,512,100,51,0.5100
cfg,entrepreneur,,7.5,42,99,50,0.5051
cfg,entrepreneur,,7.5,1234,100,53,0.5300
cfg,entrepreneur,,7.5,512,99,55,0.5556
cfg,entrepreneur,,10.0,42,100,54,0.5400
cfg,entrepreneur,,10.0,1234,99,52,0.5253
cfg,entrepreneur,,10.0,512,100,55,0.5500
cfg,entrepreneur,,12.5,42,100,58,0.5800
cfg,entrepreneur,,12.5,1234,100,51,0.5100
cfg,entrepreneur,,12.5,512,100,56,0.5600
cfg,assistant,,2.5,42,98,58,0.5918
cfg,assistant,,2.5,1234,98,62,0.6327
cfg,assistant,,2.5,512,95,52,0.5474
cfg,assistant,,5.0,42,100,59,0.5900
cfg,assistant,,5.0,1234,99,60,0.6061
cfg,assistant,,5.0,512,100,53,0.5300
cfg,assistant,,7.5,42,100,64,0.6400
cfg,assistant,,7.5,1234,100,62,0.6200
cfg,assistant,,7.5,512,99,57,0.5758
cfg,assistant,,10.0,42,100,64,0.6400
cfg,assistant,,10.0,1234,100,58,0.5800
cfg,assistant,,10.0,512,100,58,0.5800
cfg,assistant,,12.5,42,100,64,0.6400
cfg,assistant,,12.5,1234,100,60,0.6000
cfg,assistant,,12.5,512,100,63,0.6300
cfg,photographer,,2.5,42,82,40,0.4878
cfg,photographer,,2.5,1234,83,34,0.4096
cfg,photographer,,2.5,512,85,45,0.5294
cfg,photographer,,5.0,42,87,34,0.3908
cfg,photographer,,5.0,1234,92,40,0.4348
cfg,photographer,,5.0,512,90,38,0.4222
cfg,photographer,,7.5,42,85,27,0.3176
cfg,photographer,,7.5,1234,93,36,0.3871
cfg,photographer,,7.5,512,89,34,0.3820
cfg,photographer,,10.0,42,85,30,0.3529
cfg,photographer,,10.0,1234,92,33,0.3587
cfg,photographer,,10.0,512,90,29,0.3222
cfg,photographer,,12.5,42,83,23,0.2771
cfg,photographer,,12.5,1234,89,32,0.3596
cfg,photographer,,12.5,512,85,30,0.3529
cfg,singer,,2.5,42,95,46,0.4842
cfg,singer,,2.5,1234,96,52,0.5417
cfg,singer,,2.5,512,94,38,0.4043
cfg,singer,,5.0,42,100,34,0.3400
cfg,singer,,5.0,1234,100,39,0.3900
cfg,singer,,5.0,512,98,35,0.3571
cfg,singer,,7.5,42,99,33,0.3333
cfg,singer,,7.5,1234,99,34,0.3434
cfg,singer,,7.5,512,99,27,0.2727
cfg,singer,,10.0,42,99,33,0.3333
cfg,singer,,10.0,1234,100,33,0.3300
cfg,singer,,10.0,512,99,28,0.2828
cfg,singer,,12.5,42,99,34,0.3434
cfg,singer,,12.5,1234,99,31,0.3131
cfg,singer,,12.5,512,98,24,0.2449
cfg,student,,2.5,42,83,52,0.6265
cfg,student,,2.5,1234,74,46,0.6216
cfg,student,,2.5,512,77,56,0.7273
cfg,student,,5.0,42,95,49,0.5158
cfg,student,,5.0,1234,92,47,0.5109
cfg,student,,5.0,512,93,57,0.6129
cfg,student,,7.5,42,90,50,0.5556
cfg,student,,7.5,1234,95,43,0.4526
cfg,student,,7.5,512,94,47,0.5000
cfg,student,,10.0,42,93,48,0.5161
cfg,student,,10.0,1234,93,42,0.4516
cfg,student,,10.0,512,91,47,0.5165
cfg,student,,12.5,42,93,45,0.4839
cfg,student,,12.5,1234,90,39,0.4333
cfg,student,,12.5,512,91,45,0.4945
cfg,receptionist,,2.5,42,88,79,0.8977
cfg,receptionist,,2.5,1234,88,76,0.8636
cfg,receptionist,,2.5,512,91,82,0.9011
cfg,receptionist,,5.0,42,99,98,0.9899
cfg,receptionist,,5.0,1234,95,91,0.9579
cfg,receptionist,,5.0,512,97,91,0.9381
cfg,receptionist,,7.5,42,99,99,1.0000
cfg,receptionist,,7.5,1234,97,94,0.9691
cfg,receptionist,,7.5,512,98,95,0.9694
cfg,receptionist,,10.0,42,100,100,1.0000
cfg,receptionist,,10.0,1234,97,95,0.9794
cfg,receptionist,,10.0,512,97,94,0.9691
cfg,receptionist,,12.5,42,100,100,1.0000
cfg,receptionist,,12.5,1234,98,94,0.9592
cfg,receptionist,,12.5,512,99,98,0.9899
stayfair,technician,1.25,2.5,42,89,59,0.6629
stayfair,technician,1.25,2.5,1234,91,63,0.6923
stayfair,technician,1.25,2.5,512,86,56,0.6512
stayfair,technician,1.25,5.0,42,94,53,0.5638
stayfair,technician,1.25,5.0,1234,96,60,0.6250
stayfair,technician,1.25,5.0,512,96,57,0.5938
stayfair,technician,1.25,7.5,42,95,55,0.5789
stayfair,technician,1.25,7.5,1234,97,59,0.6082
stayfair,technician,1.25,7.5,512,96,57,0.5938
stayfair,technician,1.25,10.0,42,97,61,0.6289
stayfair,technician,1.25,10.0,1234,97,59,0.6082
stayfair,technician,1.25,10.0,512,98,60,0.6122
stayfair,technician,1.25,12.5,42,98,64,0.6531
stayfair,technician,1.25,12.5,1234,98,66,0.6735
stayfair,technician,1.25,12.5,512,93,56,0.6022
stayfair,fashion designer,-2.5,2.5,42,96,85,0.8854
stayfair,fashion designer,-2.5,2.5,1234,96,76,0.7917
stayfair,fashion designer,-2.5,2.5,512,98,81,0.8265
stayfair,fashion designer,-2.5,5.0,42,100,79,0.7900
stayfair,fashion designer,-2.5,5.0,1234,100,78,0.7800
stayfair,fashion designer,-2.5,5.0,512,100,84,0.8400
stayfair,fashion designer,-2.5,7.5,42,99,76,0.7677
stayfair,fashion designer,-2.5,7.5,1234,100,78,0.7800
stayfair,fashion designer,-2.5,7.5,512,99,79,0.7980
stayfair,fashion designer,-2.5,10.0,42,100,75,0.7500
stayfair,fashion designer,-2.5,10.0,1234,99,76,0.7677
stayfair,fashion designer,-2.5,10.0,512,99,73,0.7374
stayfair,fashion designer,-2.5,12.5,42,100,75,0.7500
stayfair,fashion designer,-2.5,12.5,1234,100,78,0.7800
stayfair,fashion designer,-2.5,12.5,512,98,76,0.7755
stayfair,librarian,0,2.5,42,94,50,0.5319
stayfair,librarian,0,2.5,1234,91,50,0.5495
stayfair,librarian,0,2.5,512,91,51,0.5604
stayfair,librarian,0,5.0,42,100,55,0.5500
stayfair,librarian,0,5.0,1234,95,50,0.5263
stayfair,librarian,0,5.0,512,96,51,0.5312
stayfair,librarian,0,7.5,42,96,51,0.5312
stayfair,librarian,0,7.5,1234,98,44,0.4490
stayfair,librarian,0,7.5,512,98,50,0.5102
stayfair,librarian,0,10.0,42,100,54,0.5400
stayfair,librarian,0,10.0,1234,97,46,0.4742
stayfair,librarian,0,10.0,512,97,49,0.5052
stayfair,librarian,0,12.5,42,97,53,0.5464
stayfair,librarian,0,12.5,1234,96,45,0.4688
stayfair,librarian,0,12.5,512,99,55,0.5556
stayfair,teacher,0,2.5,42,74,47,0.6351
stayfair,teacher,0,2.5,1234,81,56,0.6914
stayfair,teacher,0,2.5,512,71,46,0.6479
stayfair,teacher,0,5.0,42,87,52,0.5977
stayfair,teacher,0,5.0,1234,84,56,0.6667
stayfair,teacher,0,5.0,512,84,57,0.6786
stayfair,teacher,0,7.5,42,88,58,0.6591
stayfair,teacher,0,7.5,1234,89,58,0.6517
stayfair,teacher,0,7.5,512,84,55,0.6548
stayfair,teacher,0,10.0,42,86,55,0.6395
stayfair,teacher,0,10.0,1234,88,61,0.6932
stayfair,teacher,0,10.0,512,87,60,0.6897
stayfair,teacher,0,12.5,42,92,59,0.6413
stayfair,teacher,0,12.5,1234,91,68,0.7473
stayfair,teacher,0,12.5,512,88,60,0.6818
stayfair,ceo,-2.5,2.5,42,96,20,0.2083
stayfair,ceo,-2.5,2.5,1234,96,27,0.2812
stayfair,ceo,-2.5,2.5,512,95,25,0.2632
stayfair,ceo,-2.5,5.0,42,100,18,0.1800
stayfair,ceo,-2.5,5.0,1234,99,24,0.2424
stayfair,ceo,-2.5,5.0,512,100,19,0.1900
stayfair,ceo,-2.5,7.5,42,100,20,0.2000
stayfair,ceo,-2.5,7.5,1234,99,22,0.2222
stayfair,ceo,-2.5,7.5,512,99,22,0.2222
stayfair,ceo,-2.5,10.0,42,100,19,0.1900
stayfair,ceo,-2.5,10.0,1234,99,21,0.2121
stayfair,ceo,-2.5,10.0,512,100,21,0.2100
stayfair,ceo,-2.5,12.5,42,100,19,0.1900
stayfair,ceo,-2.5,12.5,1234,99,23,0.2323
stayfair,ceo,-2.5,12.5,512,100,20,0.2000
stayfair,doctor,5,2.5,42,98,96,0.9796
stayfair,doctor,5,2.5,1234,98,94,0.9592
stayfair,doctor,5,2.5,512,95,92,0.9684
stayfair,doctor,5,5.0,42,100,99,0.9900
stayfair,doctor,5,5.0,1234,98,95,0.9694
stayfair,doctor,5,5.0,512,99,95,0.9596
stayfair,doctor,5,7.5,42,99,99,1.0000
stayfair,doctor,5,7.5,1234,98,95,0.9694
stayfair,doctor,5,7.5,512,100,97,0.9700
stayfair,doctor,5,10.0,42,100,99,0.9900
stayfair,doctor,5,10.0,1234,98,95,0.9694
stayfair,doctor,5,10.0,512,100,97,0.9700
stayfair,doctor,5,12.5,42,99,99,1.0000
stayfair,doctor,5,12.5,1234,99,96,0.9697
stayfair,doctor,5,12.5,512,100,98,0.9800
stayfair,nurse,5,2.5,42,93,88,0.9462
stayfair,nurse,5,2.5,1234,92,82,0.8913
stayfair,nurse,5,2.5,512,96,85,0.8854
stayfair,nurse,5,5.0,42,97,91,0.9381
stayfair,nurse,5,5.0,1234,99,86,0.8687
stayfair,nurse,5,5.0,512,98,91,0.9286
stayfair,nurse,5,7.5,42,97,89,0.9175
stayfair,nurse,5,7.5,1234,98,86,0.8776
stayfair,nurse,5,7.5,512,97,88,0.9072
stayfair,nurse,5,10.0,42,96,89,0.9271
stayfair,nurse,5,10.0,1234,98,91,0.9286
stayfair,nurse,5,10.0,512,97,87,0.8969
stayfair,nurse,5,12.5,42,99,89,0.8990
stayfair,nurse,5,12.5,1234,98,86,0.8776
stayfair,nurse,5,12.5,512,100,91,0.9100
stayfair,pilot,2.5,2.5,42,81,50,0.6173
stayfair,pilot,2.5,2.5,1234,86,58,0.6744
stayfair,pilot,2.5,2.5,512,78,50,0.6410
stayfair,pilot,2.5,5.0,42,86,64,0.7442
stayfair,pilot,2.5,5.0,1234,88,57,0.6477
stayfair,pilot,2.5,5.0,512,90,69,0.7667
stayfair,pilot,2.5,7.5,42,92,73,0.7935
stayfair,pilot,2.5,7.5,1234,96,64,0.6667
stayfair,pilot,2.5,7.5,512,88,71,0.8068
stayfair,pilot,2.5,10.0,42,94,75,0.7979
stayfair,pilot,2.5,10.0,1234,92,66,0.7174
stayfair,pilot,2.5,10.0,512,94,71,0.7553
stayfair,pilot,2.5,12.5,42,92,76,0.8261
stayfair,pilot,2.5,12.5,1234,94,69,0.7340
stayfair,pilot,2.5,12.5,512,91,69,0.7582
stayfair,intern,-7.5,2.5,42,90,28,0.3111
stayfair,intern,-7.5,2.5,1234,96,28,0.2917
stayfair,intern,-7.5,2.5,512,94,33,0.3511
stayfair,intern,-7.5,5.0,42,100,33,0.3300
stayfair,intern,-7.5,5.0,1234,96,20,0.2083
stayfair,intern,-7.5,5.0,512,99,33,0.3333
stayfair,intern,-7.5,7.5,42,100,35,0.3500
stayfair,intern,-7.5,7.5,1234,99,21,0.2121
stayfair,intern,-7.5,7.5,512,100,32,0.3200
stayfair,intern,-7.5,10.0,42,100,33,0.3300
stayfair,intern,-7.5,10.0,1234,99,23,0.2323
stayfair,intern,-7.5,10.0,512,100,29,0.2900
stayfair,intern,-7.5,12.5,42,100,32,0.3200
stayfair,intern,-7.5,12.5,1234,99,23,0.2323
stayfair,intern,-7.5,12.5,512,99,29,0.2929
stayfair,athlete,0,2.5,42,92,56,0.6087
stayfair,athlete,0,2.5,1234,85,58,0.6824
stayfair,athlete,0,2.5,512,93,54,0.5806
stayfair,athlete,0,5.0,42,96,54,0.5625
stayfair,athlete,0,5.0,1234,89,56,0.6292
stayfair,athlete,0,5.0,512,92,55,0.5978
stayfair,athlete,0,7.5,42,96,51,0.5312
stayfair,athlete,0,7.5,1234,94,56,0.5957
stayfair,athlete,0,7.5,512,98,62,0.6327
stayfair,athlete,0,10.0,42,96,49,0.5104
stayfair,athlete,0,10.0,1234,95,62,0.6526
stayfair,athlete,0,10.0,512,88,51,0.5795
stayfair,athlete,0,12.5,42,93,45,0.4839
stayfair,athlete,0,12.5,1234,92,63,0.6848
stayfair,athlete,0,12.5,512,87,53,0.6092
stayfair,politician,0,2.5,42,93,55,0.5914
stayfair,politician,0,2.5,1234,84,39,0.4643
stayfair,politician,0,2.5,512,91,53,0.5824
stayfair,politician,0,5.0,42,95,55,0.5789
stayfair,politician,0,5.0,1234,98,56,0.5714
stayfair,politician,0,5.0,512,94,50,0.5319
stayfair,politician,0,7.5,42,99,57,0.5758
stayfair,politician,0,7.5,1234,98,54,0.5510
stayfair,politician,0,7.5,512,97,54,0.5567
stayfair,politician,0,10.0,42,97,59,0.6082
stayfair,politician,0,10.0,1234,99,56,0.5657
stayfair,politician,0,10.0,512,96,58,0.6042
stayfair,politician,0,12.5,42,98,58,0.5918
stayfair,politician,0,12.5,1234,99,54,0.5455
stayfair,politician,0,12.5,512,98,60,0.6122
stayfair,professor,1.25,2.5,42,92,44,0.4783
stayfair,professor,1.25,2.5,1234,90,44,0.4889
stayfair,professor,1.25,2.5,512,91,52,0.5714
stayfair,professor,1.25,5.0,42,99,46,0.4646
stayfair,professor,1.25,5.0,1234,99,46,0.4646
stayfair,professor,1.25,5.0,512,99,48,0.4848
stayfair,professor,1.25,7.5,42,100,48,0.4800
stayfair,professor,1.25,7.5,1234,100,49,0.4900
stayfair,professor,1.25,7.5,512,99,46,0.4646
stayfair,professor,1.25,10.0,42,98,48,0.4898
stayfair,professor,1.25,10.0,1234,99,46,0.4646
stayfair,professor,1.25,10.0,512,100,53,0.5300
stayfair,professor,1.25,12.5,42,98,48,0.4898
stayfair,professor,1.25,12.5,1234,99,48,0.4848
stayfair,professor,1.25,12.5,512,99,58,0.5859
stayfair,writer,-2.5,2.5,42,97,42,0.4330
stayfair,writer,-2.5,2.5,1234,98,45,0.4592
stayfair,writer,-2.5,2.5,512,94,43,0.4574
stayfair,writer,-2.5,5.0,42,97,42,0.4330
stayfair,writer,-2.5,5.0,1234,99,40,0.4040
stayfair,writer,-2.5,5.0,512,100,40,0.4000
stayfair,writer,-2.5,7.5,42,99,45,0.4545
stayfair,writer,-2.5,7.5,1234,100,41,0.4100
stayfair,writer,-2.5,7.5,512,100,41,0.4100
stayfair,writer,-2.5,10.0,42,100,45,0.4500
stayfair,writer,-2.5,10.0,1234,100,41,0.4100
stayfair,writer,-2.5,10.0,512,98,40,0.4082
stayfair,writer,-2.5,12.5,42,100,47,0.4700
stayfair,writer,-2.5,12.5,1234,99,40,0.4040
stayfair,writer,-2.5,12.5,512,100,40,0.4000
stayfair,cook,0,2.5,42,86,61,0.7093
stayfair,cook,0,2.5,1234,89,60,0.6742
stayfair,cook,0,2.5,512,86,54,0.6279
stayfair,cook,0,5.0,42,95,65,0.6842
stayfair,cook,0,5.0,1234,95,63,0.6632
stayfair,cook,0,5.0,512,94,66,0.7021
stayfair,cook,0,7.5,42,100,63,0.6300
stayfair,cook,0,7.5,1234,97,68,0.7010
stayfair,cook,0,7.5,512,90,67,0.7444
stayfair,cook,0,10.0,42,100,71,0.7100
stayfair,cook,0,10.0,1234,97,70,0.7216
stayfair,cook,0,10.0,512,98,73,0.7449
stayfair,cook,0,12.5,42,98,64,0.6531
stayfair,cook,0,12.5,1234,97,70,0.7216
stayfair,cook,0,12.5,512,96,75,0.7812
stayfair,scientist,1.25,2.5,42,90,56,0.6222
stayfair,scientist,1.25,2.5,1234,89,44,0.4944
stayfair,scientist,1.25,2.5,512,92,53,0.5761
stayfair,scientist,1.25,5.0,42,98,59,0.6020
stayfair,scientist,1.25,5.0,1234,90,44,0.4889
stayfair,scientist,1.25,5.0,512,97,46,0.4742
stayfair,scientist,1.25,7.5,42,98,52,0.5306
stayfair,scientist,1.25,7.5,1234,98,49,0.5000
stayfair,scientist,1.25,7.5,512,100,48,0.4800
stayfair,scientist,1.25,10.0,42,99,52,0.5253
stayfair,scientist,1.25,10.0,1234,98,55,0.5612
stayfair,scientist,1.25,10.0,512,97,51,0.5258
stayfair,scientist,1.25,12.5,42,99,55,0.5556
stayfair,scientist,1.25,12.5,1234,97,53,0.5464
stayfair,scientist,1.25,12.5,512,98,54,0.5510
stayfair,firefighter,1.25,2.5,42,86,20,0.2326
stayfair,firefighter,1.25,2.5,1234,81,24,0.2963
stayfair,firefighter,1.25,2.5,512,83,20,0.2410
stayfair,firefighter,1.25,5.0,42,89,32,0.3596
stayfair,firefighter,1.25,5.0,1234,88,25,0.2841
stayfair,firefighter,1.25,5.0,512,94,38,0.4043
stayfair,firefighter,1.25,7.5,42,92,33,0.3587
stayfair,firefighter,1.25,7.5,1234,94,31,0.3298
stayfair,firefighter,1.25,7.5,512,94,37,0.3936
stayfair,firefighter,1.25,10.0,42,94,40,0.4255
stayfair,firefighter,1.25,10.0,1234,96,36,0.3750
stayfair,firefighter,1.25,10.0,512,93,37,0.3978
stayfair,firefighter,1.25,12.5,42,95,42,0.4421
stayfair,firefighter,1.25,12.5,1234,94,38,0.4043
stayfair,firefighter,1.25,12.5,512,95,38,0.4000
stayfair,author,0,2.5,42,97,66,0.6804
stayfair,author,0,2.5,1234,97,68,0.7010
stayfair,author,0,2.5,512,94,68,0.7234
stayfair,author,0,5.0,42,99,70,0.7071
stayfair,author,0,5.0,1234,100,68,0.6800
stayfair,author,0,5.0,512,99,67,0.6768
stayfair,author,0,7.5,42,100,68,0.6800
stayfair,author,0,7.5,1234,100,68,0.6800
stayfair,author,0,7.5,512,100,69,0.6900
stayfair,author,0,10.0,42,100,74,0.7400
stayfair,author,0,10.0,1234,100,66,0.6600
stayfair,author,0,10.0,512,100,70,0.7000
stayfair,author,0,12.5,42,100,71,0.7100
stayfair,author,0,12.5,1234,100,67,0.6700
stayfair,author,0,12.5,512,100,67,0.6700
stayfair,supervisor,2.5,2.5,42,83,52,0.6265
stayfair,supervisor,2.5,2.5,1234,81,48,0.5926
stayfair,supervisor,2.5,2.5,512,85,56,0.6588
stayfair,supervisor,2.5,5.0,42,97,50,0.5155
stayfair,supervisor,2.5,5.0,1234,93,44,0.4731
stayfair,supervisor,2.5,5.0,512,93,55,0.5914
stayfair,supervisor,2.5,7.5,42,97,54,0.5567
stayfair,supervisor,2.5,7.5,1234,94,45,0.4787
stayfair,supervisor,2.5,7.5,512,97,57,0.5876
stayfair,supervisor,2.5,10.0,42,97,54,0.5567
stayfair,supervisor,2.5,10.0,1234,96,55,0.5729
stayfair,supervisor,2.5,10.0,512,94,55,0.5851
stayfair,supervisor,2.5,12.5,42,99,54,0.5455
stayfair,supervisor,2.5,12.5,1234,97,56,0.5773
stayfair,supervisor,2.5,12.5,512,97,54,0.5567
stayfair,painter,5,2.5,42,88,78,0.8864
stayfair,painter,5,2.5,1234,83,78,0.9398
stayfair,painter,5,2.5,512,87,80,0.9195
stayfair,painter,5,5.0,42,95,86,0.9053
stayfair,painter,5,5.0,1234,93,83,0.8925
stayfair,painter,5,5.0,512,91,86,0.9451
stayfair,painter,5,7.5,42,93,86,0.9247
stayfair,painter,5,7.5,1234,94,78,0.8298
stayfair,painter,5,7.5,512,93,86,0.9247
stayfair,painter,5,10.0,42,93,88,0.9462
stayfair,painter,5,10.0,1234,94,81,0.8617
stayfair,painter,5,10.0,512,97,83,0.8557
stayfair,painter,5,12.5,42,89,77,0.8652
stayfair,painter,5,12.5,1234,95,77,0.8105
stayfair,painter,5,12.5,512,96,84,0.8750
stayfair,poet,-2.5,2.5,42,91,35,0.3846
stayfair,poet,-2.5,2.5,1234,92,30,0.3261
stayfair,poet,-2.5,2.5,512,88,36,0.4091
stayfair,poet,-2.5,5.0,42,95,37,0.3895
stayfair,poet,-2.5,5.0,1234,95,31,0.3263
stayfair,poet,-2.5,5.0,512,96,37,0.3854
stayfair,poet,-2.5,7.5,42,95,31,0.3263
stayfair,poet,-2.5,7.5,1234,97,29,0.2990
stayfair,poet,-2.5,7.5,512,94,33,0.3511
stayfair,poet,-2.5,10.0,42,98,40,0.4082
stayfair,poet,-2.5,10.0,1234,96,31,0.3229
stayfair,poet,-2.5,10.0,512,96,30,0.3125
stayfair,poet,-2.5,12.5,42,93,36,0.3871
stayfair,poet,-2.5,12.5,1234,96,31,0.3229
stayfair,poet,-2.5,12.5,512,92,29,0.3152
stayfair,salesperson,5,2.5,42,96,87,0.9062
stayfair,salesperson,5,2.5,1234,97,86,0.8866
stayfair,salesperson,5,2.5,512,98,84,0.8571
stayfair,salesperson,5,5.0,42,99,81,0.8182
stayfair,salesperson,5,5.0,1234,99,78,0.7879
stayfair,salesperson,5,5.0,512,99,83,0.8384
stayfair,salesperson,5,7.5,42,98,81,0.8265
stayfair,salesperson,5,7.5,1234,99,77,0.7778
stayfair,salesperson,5,7.5,512,100,86,0.8600
stayfair,salesperson,5,10.0,42,98,79,0.8061
stayfair,salesperson,5,10.0,1234,99,83,0.8384
stayfair,salesperson,5,10.0,512,100,86,0.8600
stayfair,salesperson,5,12.5,42,99,80,0.8081
stayfair,salesperson,5,12.5,1234,99,84,0.8485
stayfair,salesperson,5,12.5,512,100,88,0.8800
stayfair,mechanic,5,2.5,42,92,73,0.7935
stayfair,mechanic,5,2.5,1234,86,71,0.8256
stayfair,mechanic,5,2.5,512,87,71,0.8161
stayfair,mechanic,5,5.0,42,98,76,0.7755
stayfair,mechanic,5,5.0,1234,95,78,0.8211
stayfair,mechanic,5,5.0,512,98,77,0.7857
stayfair,mechanic,5,7.5,42,100,77,0.7700
stayfair,mechanic,5,7.5,1234,95,75,0.7895
stayfair,mechanic,5,7.5,512,98,76,0.7755
stayfair,mechanic,5,10.0,42,99,76,0.7677
stayfair,mechanic,5,10.0,1234,99,73,0.7374
stayfair,mechanic,5,10.0,512,100,79,0.7900
stayfair,mechanic,5,12.5,42,98,72,0.7347
stayfair,mechanic,5,12.5,1234,99,73,0.7374
stayfair,mechanic,5,12.5,512,99,78,0.7879
stayfair,engineer,10,2.5,42,77,76,0.9870
stayfair,engineer,10,2.5,1234,88,86,0.9773
stayfair,engineer,10,2.5,512,87,86,0.9885
stayfair,engineer,10,5.0,42,91,86,0.9451
stayfair,engineer,10,5.0,1234,97,93,0.9588
stayfair,engineer,10,5.0,512,95,95,1.0000
stayfair,engineer,10,7.5,42,93,90,0.9677
stayfair,engineer,10,7.5,1234,97,92,0.9485
stayfair,engineer,10,7.5,512,98,98,1.0000
stayfair,engineer,10,10.0,42,94,89,0.9468
stayfair,engineer,10,10.0,1234,99,93,0.9394
stayfair,engineer,10,10.0,512,97,94,0.9691
stayfair,engineer,10,12.5,42,96,91,0.9479
stayfair,engineer,10,12.5,1234,99,94,0.9495
stayfair,engineer,10,12.5,512,98,95,0.9694
stayfair,programmer,0,2.5,42,82,52,0.6341
stayfair,programmer,0,2.5,1234,79,46,0.5823
stayfair,programmer,0,2.5,512,75,52,0.6933
stayfair,programmer,0,5.0,42,92,50,0.5435
stayfair,programmer,0,5.0,1234,93,59,0.6344
stayfair,programmer,0,5.0,512,88,48,0.5455
stayfair,programmer,0,7.5,42,95,55,0.5789
stayfair,programmer,0,7.5,1234,92,58,0.6304
stayfair,programmer,0,7.5,512,89,51,0.5730
stayfair,programmer,0,10.0,42,96,55,0.5729
stayfair,programmer,0,10.0,1234,93,61,0.6559
stayfair,programmer,0,10.0,512,92,58,0.6304
stayfair,programmer,0,12.5,42,92,52,0.5652
stayfair,programmer,0,12.5,1234,92,59,0.6413
stayfair,programmer,0,12.5,512,89,55,0.6180
stayfair,chef,0,2.5,42,86,54,0.6279
stayfair,chef,0,2.5,1234,92,51,0.5543
stayfair,chef,0,2.5,512,83,51,0.6145
stayfair,chef,0,5.0,42,95,58,0.6105
stayfair,chef,0,5.0,1234,100,52,0.5200
stayfair,chef,0,5.0,512,93,57,0.6129
stayfair,chef,0,7.5,42,99,60,0.6061
stayfair,chef,0,7.5,1234,99,47,0.4747
stayfair,chef,0,7.5,512,99,54,0.5455
stayfair,chef,0,10.0,42,99,62,0.6263
stayfair,chef,0,10.0,1234,100,49,0.4900
stayfair,chef,0,10.0,512,96,59,0.6146
stayfair,chef,0,12.5,42,100,66,0.6600
stayfair,chef,0,12.5,1234,99,55,0.5556
stayfair,chef,0,12.5,512,95,61,0.6421
stayfair,accountant,0,2.5,42,81,30,0.3704
stayfair,accountant,0,2.5,1234,80,38,0.4750
stayfair,accountant,0,2.5,512,78,28,0.3590
stayfair,accountant,0,5.0,42,89,34,0.3820
stayfair,accountant,0,5.0,1234,90,47,0.5222
stayfair,accountant,0,5.0,512,93,39,0.4194
stayfair,accountant,0,7.5,42,90,37,0.4111
stayfair,accountant,0,7.5,1234,93,45,0.4839
stayfair,accountant,0,7.5,512,91,41,0.4505
stayfair,accountant,0,10.0,42,91,40,0.4396
stayfair,accountant,0,10.0,1234,93,47,0.5054
stayfair,accountant,0,10.0,512,91,39,0.4286
stayfair,accountant,0,12.5,42,94,40,0.4255
stayfair,accountant,0,12.5,1234,93,43,0.4624
stayfair,accountant,0,12.5,512,93,43,0.4624
stayfair,journalist,0,2.5,42,95,49,0.5158
stayfair,journalist,0,2.5,1234,95,63,0.6632
stayfair,journalist,0,2.5,512,94,65,0.6915
stayfair,journalist,0,5.0,42,98,55,0.5612
stayfair,journalist,0,5.0,1234,99,63,0.6364
stayfair,journalist,0,5.0,512,99,67,0.6768
stayfair,journalist,0,7.5,42,100,57,0.5700
stayfair,journalist,0,7.5,1234,100,64,0.6400
stayfair,journalist,0,7.5,512,99,70,0.7071
stayfair,journalist,0,10.0,42,99,58,0.5859
stayfair,journalist,0,10.0,1234,100,64,0.6400
stayfair,journalist,0,10.0,512,99,72,0.7273
stayfair,journalist,0,12.5,42,99,61,0.6162
stayfair,journalist,0,12.5,1234,100,64,0.6400
stayfair,journalist,0,12.5,512,99,75,0.7576
stayfair,entrepreneur,-2.5,2.5,42,98,54,0.5510
stayfair,entrepreneur,-2.5,2.5,1234,95,49,0.5158
stayfair,entrepreneur,-2.5,2.5,512,95,50,0.5263
stayfair,entrepreneur,-2.5,5.0,42,100,53,0.5300
stayfair,entrepreneur,-2.5,5.0,1234,99,53,0.5354
stayfair,entrepreneur,-2.5,5.0,512,100,50,0.5000
stayfair,entrepreneur,-2.5,7.5,42,99,50,0.5051
stayfair,entrepreneur,-2.5,7.5,1234,100,53,0.5300
stayfair,entrepreneur,-2.5,7.5,512,99,55,0.5556
stayfair,entrepreneur,-2.5,10.0,42,100,55,0.5500
stayfair,entrepreneur,-2.5,10.0,1234,100,54,0.5400
stayfair,entrepreneur,-2.5,10.0,512,100,57,0.5700
stayfair,entrepreneur,-2.5,12.5,42,100,59,0.5900
stayfair,entrepreneur,-2.5,12.5,1234,99,54,0.5455
stayfair,entrepreneur,-2.5,12.5,512,100,60,0.6000
stayfair,assistant,0,2.5,42,98,58,0.5918
stayfair,assistant,0,2.5,1234,98,62,0.6327
stayfair,assistant,0,2.5,512,95,52,0.5474
stayfair,assistant,0,5.0,42,100,59,0.5900
stayfair,assistant,0,5.0,1234,99,60,0.6061
stayfair,assistant,0,5.0,512,100,53,0.5300
stayfair,assistant,0,7.5,42,100,64,0.6400
stayfair,assistant,0,7.5,1234,100,62,0.6200
stayfair,assistant,0,7.5,512,99,57,0.5758
stayfair,assistant,0,10.0,42,100,64,0.6400
stayfair,assistant,0,10.0,1234,100,58,0.5800
stayfair,assistant,0,10.0,512,100,58,0.5800
stayfair,assistant,0,12.5,42,100,64,0.6400
stayfair,assistant,0,12.5,1234,100,60,0.6000
stayfair,assistant,0,12.5,512,100,63,0.6300
stayfair,photographer,-5,2.5,42,82,35,0.4268
stayfair,photographer,-5,2.5,1234,86,29,0.3372
stayfair,photographer,-5,2.5,512,87,31,0.3563
stayfair,photographer,-5,5.0,42,87,29,0.3333
stayfair,photographer,-5,5.0,1234,96,31,0.3229
stayfair,photographer,-5,5.0,512,89,34,0.3820
stayfair,photographer,-5,7.5,42,85,27,0.3176
stayfair,photographer,-5,7.5,1234,93,36,0.3871
stayfair,photographer,-5,7.5,512,89,34,0.3820
stayfair,photographer,-5,10.0,42,83,35,0.4217
stayfair,photographer,-5,10.0,1234,94,37,0.3936
stayfair,photographer,-5,10.0,512,90,33,0.3667
stayfair,photographer,-5,12.5,42,80,29,0.3625
stayfair,photographer,-5,12.5,1234,92,40,0.4348
stayfair,photographer,-5,12.5,512,82,36,0.4390
stayfair,singer,-7.5,2.5,42,98,36,0.3673
stayfair,singer,-7.5,2.5,1234,96,38,0.3958
stayfair,singer,-7.5,2.5,512,97,30,0.3093
stayfair,singer,-7.5,5.0,42,100,33,0.3300
stayfair,singer,-7.5,5.0,1234,99,35,0.3535
stayfair,singer,-7.5,5.0,512,97,27,0.2784
stayfair,singer,-7.5,7.5,42,99,33,0.3333
stayfair,singer,-7.5,7.5,1234,99,34,0.3434
stayfair,singer,-7.5,7.5,512,99,27,0.2727
stayfair,singer,-7.5,10.0,42,98,35,0.3571
stayfair,singer,-7.5,10.0,1234,99,33,0.3333
stayfair,singer,-7.5,10.0,512,95,27,0.2842
stayfair,singer,-7.5,12.5,42,99,35,0.3535
stayfair,singer,-7.5,12.5,1234,98,33,0.3367
stayfair,singer,-7.5,12.5,512,98,26,0.2653
stayfair,student,-2.5,2.5,42,81,36,0.4444
stayfair,student,-2.5,2.5,1234,78,41,0.5256
stayfair,student,-2.5,2.5,512,83,54,0.6506
stayfair,student,-2.5,5.0,42,90,42,0.4667
stayfair,student,-2.5,5.0,1234,89,42,0.4719
stayfair,student,-2.5,5.0,512,92,51,0.5543
stayfair,student,-2.5,7.5,42,90,50,0.5556
stayfair,student,-2.5,7.5,1234,95,43,0.4526
stayfair,student,-2.5,7.5,512,94,47,0.5000
stayfair,student,-2.5,10.0,42,94,49,0.5213
stayfair,student,-2.5,10.0,1234,89,43,0.4831
stayfair,student,-2.5,10.0,512,94,52,0.5532
stayfair,student,-2.5,12.5,42,94,46,0.4894
stayfair,student,-2.5,12.5,1234,88,42,0.4773
stayfair,student,-2.5,12.5,512,89,47,0.5281
stayfair,receptionist,10,2.5,42,94,90,0.9574
stayfair,receptionist,10,2.5,1234,84,81,0.9643
stayfair,receptionist,10,2.5,512,93,90,0.9677
stayfair,receptionist,10,5.0,42,100,100,1.0000
stayfair,receptionist,10,5.0,1234,96,92,0.9583
stayfair,receptionist,10,5.0,512,98,94,0.9592
stayfair,receptionist,10,7.5,42,99,99,1.0000
stayfair,receptionist,10,7.5,1234,97,94,0.9691
stayfair,receptionist,10,7.5,512,98,95,0.9694
stayfair,receptionist,10,10.0,42,100,98,0.9800
stayfair,receptionist,10,10.0,1234,97,93,0.9588
stayfair,receptionist,10,10.0,512,98,95,0.9694
stayfair,receptionist,10,12.5,42,100,96,0.9600
stayfair,receptionist,10,12.5,1234,99,94,0.9495
stayfair,receptionist,10,12.5,512,99,96,0.9697
